"stimulus","response","trial_type","subject_id"
"A tennis player swinging a racket at a public tennis match.","[""0"",""10"",""10"",""10"",""0"",""10"",""0"",""0"",""10"",""10"",""10""]","html-vertical-slider-response","54afe839fdf99b6f2c1214ce"
"The antique bed has elaborate wood decoration on the frame.","[""0"",""10"",""10"",""0"",""0"",""10"",""10"",""0"",""0"",""10""]","html-vertical-slider-response","54afe839fdf99b6f2c1214ce"
"A plate of cupcakes on a napkin with spoons and drink glasses.","[""0"",""10"",""0"",""9"",""0"",""0"",""9"",""0"",""10"",""0"",""0"",""10""]","html-vertical-slider-response","54afe839fdf99b6f2c1214ce"
"A woman standing next to a young man near a pile of fruit.","[""0"",""10"",""9"",""6"",""0"",""0"",""4"",""10"",""7"",""0"",""7"",""0"",""10""]","html-vertical-slider-response","54afe839fdf99b6f2c1214ce"
"French bread on a plate with eggs, bacon and banana slices atop the bread.","[""3"",""10"",""0"",""0"",""10"",""0"",""10"",""9"",""0"",""10"",""10"",""0"",""0"",""9""]","html-vertical-slider-response","54afe839fdf99b6f2c1214ce"
"A person holding a book with a bird sitting on the book.","[""0"",""-5"",""-6"",""-2"",""10"",""-1"",""0"",""10"",""4"",""1"",""0"",""10""]","html-vertical-slider-response","54afe839fdf99b6f2c1214ce"
"A giraffe is peeking around the side of a wall at the camera.","[""0"",""10"",""-1"",""5"",""3"",""0"",""4"",""0"",""0"",""5"",""0"",""0"",""-10""]","html-vertical-slider-response","54afe839fdf99b6f2c1214ce"
"A woman holding an umbrella sitting on a blanket next to two dogs.","[""0"",""10"",""8"",""0"",""10"",""10"",""0"",""0"",""10"",""4"",""0"",""-7"",""-5""]","html-vertical-slider-response","54afe839fdf99b6f2c1214ce"
"A white cake covered in flowers and white frosting.","[""0"",""7"",""10"",""5"",""0"",""10"",""0"",""6"",""10""]","html-vertical-slider-response","54afe839fdf99b6f2c1214ce"
"A man in shorts is taking a picture next to a red light.","[""0"",""10"",""0"",""10"",""0"",""-3"",""-1"",""-6"",""3"",""0"",""2"",""7"",""10""]","html-vertical-slider-response","54afe839fdf99b6f2c1214ce"
"A desk with two computer monitors, a laptop computer, keyboard and set of headphones.","[""0"",""10"",""0"",""4"",""10"",""10"",""0"",""10"",""5"",""10"",""0"",""6"",""0"",""10""]","html-vertical-slider-response","54afe839fdf99b6f2c1214ce"
"An airplane flies high above in the sky with telephone lines in the picture as well.","[""0"",""10"",""10"",""7"",""5"",""0"",""-1"",""10"",""0"",""-4"",""10"",""0"",""0"",""5"",""0"",""1""]","html-vertical-slider-response","54afe839fdf99b6f2c1214ce"
